{"cameraMode":{"drawMode":0,"name":"Shaded","section":"Shading Mode"},"sceneLighting":true,"audioPlay":false,"sceneViewState":{"showFog":true,"showMaterialUpdate":true,"showSkybox":true,"showFlares":true,"showImageEffects":true,"showParticleSystems":true},"in2DMode":false,"pivot":{"x":9.350000381469727,"y":10.630000114440918,"z":5.389999866485596},"rotation":{"x":0.15466435253620149,"y":-0.03842595964670181,"z":0.005902448203414679,"w":0.9872305393218994},"size":25.60063362121582,"orthographic":true}