{"cameraMode":{"drawMode":0,"name":"Shaded","section":"Shading Mode"},"sceneLighting":false,"audioPlay":false,"sceneViewState":{"showFog":true,"showMaterialUpdate":true,"showSkybox":false,"showFlares":true,"showImageEffects":true,"showParticleSystems":true},"in2DMode":false,"pivot":{"x":3.559999942779541,"y":0.10000000894069672,"z":2.490000009536743},"rotation":{"x":-0.21449914574623109,"y":0.41414716839790347,"z":-0.10107876360416413,"w":-0.8787946105003357},"size":2.1445839405059816,"orthographic":true}