{"cameraMode":{"drawMode":0,"name":"Shaded","section":"Shading Mode"},"sceneLighting":false,"audioPlay":false,"sceneViewState":{"showFog":true,"showMaterialUpdate":false,"showSkybox":false,"showFlares":true,"showImageEffects":true,"showParticleSystems":true},"in2DMode":false,"pivot":{"x":-0.04072856903076172,"y":0.4065755307674408,"z":0.0},"rotation":{"x":-0.4015450179576874,"y":-0.5782057046890259,"z":0.39202603697776797,"w":-0.5922470688819885},"size":0.5962284207344055,"orthographic":false}