{"cameraMode":{"drawMode":0,"name":"Shaded","section":"Shading Mode"},"sceneLighting":false,"audioPlay":false,"sceneViewState":{"showFog":true,"showMaterialUpdate":false,"showSkybox":false,"showFlares":true,"showImageEffects":true,"showParticleSystems":true},"in2DMode":false,"pivot":{"x":0.028796762228012086,"y":0.38929104804992678,"z":-0.042423367500305179},"rotation":{"x":-0.4015450179576874,"y":-0.5782057046890259,"z":0.39202603697776797,"w":-0.5922470688819885},"size":0.7086853981018066,"orthographic":false}