{"cameraMode":{"drawMode":0,"name":"Shaded","section":"Shading Mode"},"sceneLighting":false,"audioPlay":false,"sceneViewState":{"showFog":true,"showMaterialUpdate":false,"showSkybox":false,"showFlares":true,"showImageEffects":true,"showParticleSystems":true},"in2DMode":false,"pivot":{"x":-0.0655968189239502,"y":2.7809109687805177,"z":0.09810018539428711},"rotation":{"x":-0.4015450179576874,"y":-0.5782057046890259,"z":0.39202603697776797,"w":-0.5922470688819885},"size":6.2803497314453129,"orthographic":false}